[[{"__type__":"cc.Prefab","_name":"BattlePagePanel","data":{"__id__":1},"asyncLoadAssets":null},{"__type__":"cc.Node","_name":"BattlePagePanel","_children":[{"__id__":2},{"__id__":3}],"_components":[{"__type__":"13937DLhkBG67xqI6V6mxta","node":{"__id__":1},"wall_column_1":{"__uuid__":"742wjX/YBP1JzoluTiLZ2R"},"wall_row_1":{"__uuid__":"d5m0IQZd9Ggp2JNULxbQz7"},"wall_column_2":{"__uuid__":"e6bzDgxAJLRLQz4e/XbcNq"},"wall_row_2":{"__uuid__":"4at5HwPDlBB4K++bECEOcf"},"wall_column_3":{"__uuid__":"b3MxEEwvREtIVp4UDvCmLf"},"wall_row_3":{"__uuid__":"74MtGGhj9C05aOnOy6Od9P"},"BattleRegion":{"__id__":4},"TopCell":{"__id__":5},"BottomCell":{"__id__":7},"LeftCell":{"__id__":6},"RightCell":{"__id__":8},"player1":{"__uuid__":"ddrDnyKhFD+bDxKVgRJY/u"},"player2":{"__uuid__":"20jT8S2gZJl4njKzrAN+gi"},"fllower_1":{"__uuid__":"7dXbnOU0BG57lsCv31msNn"},"fllower_2":{"__uuid__":"e6qCGz18lOiJHbioXSVAub"},"fllower_3":{"__uuid__":"a9JEOBSXJI5rQ87Z8jFnSI"},"horn_1":{"__uuid__":"eai0dNBlBOT4q3rEMkodVO"},"horn_2":{"__uuid__":"9eaAlV3pdLo4bMFwQZwyaF"},"horn_3":{"__uuid__":"85s2wXxiZHw5RaVz+imUgy"}}],"_prefab":{"__type__":"cc.PrefabInfo","root":{"__id__":1},"asset":{"__uuid__":"05rPMycf9OyKhNwEPoSIoE"},"fileId":"c1ZNUUo+dGwIfQhJwKRmtu"}},{"__type__":"cc.Node","_name":"bj_5","_parent":{"__id__":1},"_components":[{"__type__":"cc.Sprite","node":{"__id__":2},"_spriteFrame":{"__uuid__":"69VIgXjh1K5o9m8pHjsFBq"}}],"_prefab":{"__type__":"cc.PrefabInfo","root":{"__id__":1},"asset":{"__uuid__":"05rPMycf9OyKhNwEPoSIoE"},"fileId":"1fh+rsAJ1AbJJegtyi44Bd"},"_contentSize":{"__type__":"cc.Size","width":1334,"height":750},"_position":{"__type__":"cc.Vec2","x":-2}},{"__type__":"cc.Node","_name":"BattleBox","_parent":{"__id__":1},"_children":[{"__id__":4},{"__id__":5},{"__id__":6},{"__id__":7},{"__id__":8},{"__id__":9}],"_prefab":{"__type__":"cc.PrefabInfo","root":{"__id__":1},"asset":{"__uuid__":"05rPMycf9OyKhNwEPoSIoE"},"fileId":"89eeEo6YJAw5PUIKM36j9V"},"_color":{"__type__":"cc.Color","r":185,"g":164,"b":164},"_contentSize":{"__type__":"cc.Size","width":1297,"height":613},"_position":{"__type__":"cc.Vec2","y":-37}},{"__type__":"cc.Node","_name":"BattleRegion","_parent":{"__id__":3},"_components":[{"__type__":"cc.Layout","node":{"__id__":4},"_layoutSize":{"__type__":"cc.Size","width":1175,"height":497},"_N$layoutType":3},{"__type__":"cc.Sprite","node":{"__id__":4},"_type":2,"_sizeMode":0}],"_prefab":{"__type__":"cc.PrefabInfo","root":{"__id__":1},"asset":{"__uuid__":"05rPMycf9OyKhNwEPoSIoE"},"fileId":"beDZRqvbVE2ZbZnJrugNqS"},"_anchorPoint":{"__type__":"cc.Vec2","y":1},"_contentSize":{"__type__":"cc.Size","width":1175,"height":497},"_position":{"__type__":"cc.Vec2","x":-592,"y":246}},{"__type__":"cc.Node","_name":"TopCell","_parent":{"__id__":3},"_prefab":{"__type__":"cc.PrefabInfo","root":{"__id__":1},"asset":{"__uuid__":"05rPMycf9OyKhNwEPoSIoE"},"fileId":"2e8zykL+VCSbeHai2lLK/j"},"_color":{"__type__":"cc.Color","r":46,"g":39,"b":39},"_contentSize":{"__type__":"cc.Size","width":1180,"height":32},"_position":{"__type__":"cc.Vec2","x":-10,"y":245}},{"__type__":"cc.Node","_name":"LeftCell","_parent":{"__id__":3},"_prefab":{"__type__":"cc.PrefabInfo","root":{"__id__":1},"asset":{"__uuid__":"05rPMycf9OyKhNwEPoSIoE"},"fileId":"0dn3dXra1B5JirzroonUS6"},"_contentSize":{"__type__":"cc.Size","width":32,"height":503},"_position":{"__type__":"cc.Vec2","x":-595,"y":-10}},{"__type__":"cc.Node","_name":"BottomCell","_parent":{"__id__":3},"_prefab":{"__type__":"cc.PrefabInfo","root":{"__id__":1},"asset":{"__uuid__":"05rPMycf9OyKhNwEPoSIoE"},"fileId":"29owAheRdEkZ2u+7DKklBz"},"_contentSize":{"__type__":"cc.Size","width":1180,"height":32},"_position":{"__type__":"cc.Vec2","x":-10,"y":-256}},{"__type__":"cc.Node","_name":"RightCell","_parent":{"__id__":3},"_prefab":{"__type__":"cc.PrefabInfo","root":{"__id__":1},"asset":{"__uuid__":"05rPMycf9OyKhNwEPoSIoE"},"fileId":"bf6biKeQVN8604cYse+pr5"},"_contentSize":{"__type__":"cc.Size","width":32,"height":503},"_position":{"__type__":"cc.Vec2","x":579,"y":-10}},{"__type__":"cc.Node","_name":"operation","_parent":{"__id__":3},"_children":[{"__id__":10},{"__id__":11},{"__id__":12},{"__id__":13},{"__id__":14}],"_components":[{"__type__":"c8f9bczRL9LBY0TeU61gGwq","node":{"__id__":9},"BattleRegion":{"__id__":4},"Buttle":{"__uuid__":"97MwwYIAhM/rddLUAHjyWU"}}],"_prefab":{"__type__":"cc.PrefabInfo","root":{"__id__":1},"asset":{"__uuid__":"05rPMycf9OyKhNwEPoSIoE"},"fileId":"4d78vmNmpNepBD9hR35dYj"}},{"__type__":"cc.Node","_name":"up","_parent":{"__id__":9},"_components":[{"__type__":"cc.Sprite","node":{"__id__":10},"_spriteFrame":{"__uuid__":"1a0ZebfdlLp6VkN4Mj793E"}}],"_prefab":{"__type__":"cc.PrefabInfo","root":{"__id__":1},"asset":{"__uuid__":"05rPMycf9OyKhNwEPoSIoE"},"fileId":"5dA/znUidP0bOasKSe/d7m"},"_contentSize":{"__type__":"cc.Size","width":133,"height":133},"_position":{"__type__":"cc.Vec2","x":-533,"y":-92}},{"__type__":"cc.Node","_name":"bottom","_parent":{"__id__":9},"_components":[{"__type__":"cc.Sprite","node":{"__id__":11},"_spriteFrame":{"__uuid__":"1a0ZebfdlLp6VkN4Mj793E"}}],"_prefab":{"__type__":"cc.PrefabInfo","root":{"__id__":1},"asset":{"__uuid__":"05rPMycf9OyKhNwEPoSIoE"},"fileId":"ed8vKlvtBI1K/2KUMnanKc"},"_contentSize":{"__type__":"cc.Size","width":133,"height":133},"_rotationX":180,"_rotationY":180,"_position":{"__type__":"cc.Vec2","x":-533,"y":-248}},{"__type__":"cc.Node","_name":"right","_parent":{"__id__":9},"_components":[{"__type__":"cc.Sprite","node":{"__id__":12},"_spriteFrame":{"__uuid__":"1a0ZebfdlLp6VkN4Mj793E"}}],"_prefab":{"__type__":"cc.PrefabInfo","root":{"__id__":1},"asset":{"__uuid__":"05rPMycf9OyKhNwEPoSIoE"},"fileId":"646CT+MxNMSqYzLFjA5rii"},"_contentSize":{"__type__":"cc.Size","width":133,"height":133},"_rotationX":90,"_rotationY":90,"_position":{"__type__":"cc.Vec2","x":560,"y":-238}},{"__type__":"cc.Node","_name":"left","_parent":{"__id__":9},"_components":[{"__type__":"cc.Sprite","node":{"__id__":13},"_spriteFrame":{"__uuid__":"1a0ZebfdlLp6VkN4Mj793E"}}],"_prefab":{"__type__":"cc.PrefabInfo","root":{"__id__":1},"asset":{"__uuid__":"05rPMycf9OyKhNwEPoSIoE"},"fileId":"e09n500VtL9oQDJkMuBUmy"},"_contentSize":{"__type__":"cc.Size","width":133,"height":133},"_rotationX":270,"_rotationY":270,"_position":{"__type__":"cc.Vec2","x":384,"y":-237}},{"__type__":"cc.Node","_name":"fire","_parent":{"__id__":9},"_components":[{"__type__":"cc.Sprite","node":{"__id__":14},"_spriteFrame":{"__uuid__":"fdot3JkhJMCJORLFQdv1YR"}}],"_prefab":{"__type__":"cc.PrefabInfo","root":{"__id__":1},"asset":{"__uuid__":"05rPMycf9OyKhNwEPoSIoE"},"fileId":"9dvsAFpo1EAaIy3d2+GvJY"},"_contentSize":{"__type__":"cc.Size","width":131,"height":131},"_position":{"__type__":"cc.Vec2","x":477,"y":-104}}],{"__type__":"cc.SpriteFrame","content":{"name":"wall_2_3","texture":"92tW+jfjhLOZMX69OpRM3Y","rect":[0,0,194,34],"offset":[0,0],"originalSize":[194,34]}},{"__type__":"cc.SpriteFrame","content":{"name":"bj_3","texture":"16jfnTqaBLvJObVkqMWPfQ","rect":[0,0,1334,750],"offset":[0,0],"originalSize":[1334,750]}},{"__type__":"cc.SpriteFrame","content":{"name":"wall_1_2","texture":"48cAoBfqhFtYvs0Se5LhUJ","rect":[0,0,34,194],"offset":[0,0],"originalSize":[34,194]}},[{"__type__":"cc.Prefab","_name":"MatchingPagePanel","data":{"__id__":1},"asyncLoadAssets":null},{"__type__":"cc.Node","_name":"MatchingPagePanel","_children":[{"__id__":2},{"__id__":3},{"__id__":4},{"__id__":5},{"__id__":9}],"_components":[{"__type__":"1dbafsnqO5BzadTTzTYpDVp","node":{"__id__":1}}],"_prefab":{"__type__":"cc.PrefabInfo","root":{"__id__":1},"asset":{"__uuid__":"17xFE/IttByIB+iqXsI3TZ"},"fileId":"c98HG01FpCiJ9tSVSvMTqn"}},{"__type__":"cc.Node","_name":"bj_3","_parent":{"__id__":1},"_components":[{"__type__":"cc.Sprite","node":{"__id__":2},"_spriteFrame":{"__uuid__":"09E1+u/VpM2p0a9CDZBI00"}}],"_prefab":{"__type__":"cc.PrefabInfo","root":{"__id__":1},"asset":{"__uuid__":"17xFE/IttByIB+iqXsI3TZ"},"fileId":"21Alz5oDZNlImGe2IA9pnU"},"_anchorPoint":{"__type__":"cc.Vec2","x":0.4789802595194724,"y":0.5237917983766258},"_contentSize":{"__type__":"cc.Size","width":1334,"height":750}},{"__type__":"cc.Node","_name":"frame_3","_parent":{"__id__":1},"_components":[{"__type__":"cc.Sprite","node":{"__id__":3},"_spriteFrame":{"__uuid__":"a97MfzDzBOAIfjVV7pDTW/"}}],"_prefab":{"__type__":"cc.PrefabInfo","root":{"__id__":1},"asset":{"__uuid__":"17xFE/IttByIB+iqXsI3TZ"},"fileId":"14D4W7zT9AtKG5G7CYt6Ts"},"_contentSize":{"__type__":"cc.Size","width":1070,"height":627}},{"__type__":"cc.Node","_name":"icon_5","_parent":{"__id__":1},"_components":[{"__type__":"cc.Sprite","node":{"__id__":4},"_spriteFrame":{"__uuid__":"c9YYcYexRIFZTui+tysiNM"}}],"_prefab":{"__type__":"cc.PrefabInfo","root":{"__id__":1},"asset":{"__uuid__":"17xFE/IttByIB+iqXsI3TZ"},"fileId":"62HHLElONNqIYqEwQxwBIx"},"_contentSize":{"__type__":"cc.Size","width":124,"height":33},"_position":{"__type__":"cc.Vec2","y":274}},{"__type__":"cc.Node","_name":"Matching","_parent":{"__id__":1},"_children":[{"__id__":6},{"__id__":7},{"__id__":8}],"_prefab":{"__type__":"cc.PrefabInfo","root":{"__id__":1},"asset":{"__uuid__":"17xFE/IttByIB+iqXsI3TZ"},"fileId":"0bVkfjkkJPDLgAn4Ojb9YJ"}},{"__type__":"cc.Node","_name":"round_4","_parent":{"__id__":5},"_components":[{"__type__":"cc.Sprite","node":{"__id__":6},"_spriteFrame":{"__uuid__":"e70DNQT0VIa5HXcUA0lKaW"}}],"_prefab":{"__type__":"cc.PrefabInfo","root":{"__id__":1},"asset":{"__uuid__":"17xFE/IttByIB+iqXsI3TZ"},"fileId":"bcTMHrDqRLiZd71Ig9D6ZQ"},"_contentSize":{"__type__":"cc.Size","width":187,"height":187},"_position":{"__type__":"cc.Vec2","y":59}},{"__type__":"cc.Node","_name":"return","_parent":{"__id__":5},"_components":[{"__type__":"cc.Sprite","node":{"__id__":7},"_spriteFrame":{"__uuid__":"19yt1tyydMzaS/R80O5f6G"}},{"__type__":"cc.Button","node":{"__id__":7},"transition":3,"clickEvents":[{"__type__":"cc.ClickEvent","target":{"__id__":1},"component":"MatchingCtrl","handler":"onClickBackButton"}],"_N$target":{"__id__":7}}],"_prefab":{"__type__":"cc.PrefabInfo","root":{"__id__":1},"asset":{"__uuid__":"17xFE/IttByIB+iqXsI3TZ"},"fileId":"f5Drdx3EZJM5eNwGDa6pVy"},"_contentSize":{"__type__":"cc.Size","width":76,"height":68},"_position":{"__type__":"cc.Vec2","x":407,"y":173}},{"__type__":"cc.Node","_name":"New Label","_parent":{"__id__":5},"_components":[{"__type__":"cc.Label","node":{"__id__":8},"_useOriginalSize":false,"_actualFontSize":25,"_fontSize":25,"_N$string":"正在匹配中...","_N$horizontalAlign":1,"_N$verticalAlign":1}],"_prefab":{"__type__":"cc.PrefabInfo","root":{"__id__":1},"asset":{"__uuid__":"17xFE/IttByIB+iqXsI3TZ"},"fileId":"56ff6q8txDQo6VIukmAzlt"},"_color":{"__type__":"cc.Color","r":134,"g":114,"b":70},"_contentSize":{"__type__":"cc.Size","width":145.84,"height":40},"_position":{"__type__":"cc.Vec2","y":-78}},{"__type__":"cc.Node","_name":"Success","_parent":{"__id__":1},"_children":[{"__id__":10},{"__id__":11},{"__id__":12},{"__id__":13},{"__id__":15}],"_active":false,"_prefab":{"__type__":"cc.PrefabInfo","root":{"__id__":1},"asset":{"__uuid__":"17xFE/IttByIB+iqXsI3TZ"},"fileId":"d8do5107pPcIJ7h4ObIw5z"},"_position":{"__type__":"cc.Vec2","y":45}},{"__type__":"cc.Node","_name":"head_portrait_3_1","_parent":{"__id__":9},"_components":[{"__type__":"cc.Sprite","node":{"__id__":10},"_spriteFrame":{"__uuid__":"3aUkVbhpBMT5ZFf4vglz4f"}}],"_prefab":{"__type__":"cc.PrefabInfo","root":{"__id__":1},"asset":{"__uuid__":"17xFE/IttByIB+iqXsI3TZ"},"fileId":"09BqYu/wBJhpG8zX6KU8pk"},"_contentSize":{"__type__":"cc.Size","width":943,"height":366}},{"__type__":"cc.Node","_name":"Player1","_parent":{"__id__":9},"_components":[{"__type__":"cc.Label","node":{"__id__":11},"_useOriginalSize":false,"_actualFontSize":30,"_fontSize":30,"_N$string":"好大只呀","_N$horizontalAlign":1,"_N$verticalAlign":1}],"_prefab":{"__type__":"cc.PrefabInfo","root":{"__id__":1},"asset":{"__uuid__":"17xFE/IttByIB+iqXsI3TZ"},"fileId":"991pwb2X5FfZDf2ZDPDktH"},"_contentSize":{"__type__":"cc.Size","width":120,"height":40},"_position":{"__type__":"cc.Vec2","x":-218,"y":-99.8}},{"__type__":"cc.Node","_name":"Player2","_parent":{"__id__":9},"_components":[{"__type__":"cc.Label","node":{"__id__":12},"_useOriginalSize":false,"_actualFontSize":30,"_fontSize":30,"_N$string":"好大只呀","_N$horizontalAlign":1,"_N$verticalAlign":1}],"_prefab":{"__type__":"cc.PrefabInfo","root":{"__id__":1},"asset":{"__uuid__":"17xFE/IttByIB+iqXsI3TZ"},"fileId":"91Pc5TwCpDMrTvGxP7lShq"},"_contentSize":{"__type__":"cc.Size","width":120,"height":40},"_position":{"__type__":"cc.Vec2","x":216,"y":-100}},{"__type__":"cc.Node","_name":"Mask","_parent":{"__id__":9},"_children":[{"__id__":14}],"_components":[{"__type__":"cc.Mask","node":{"__id__":13},"_type":2,"_N$spriteFrame":{"__uuid__":"93Xvmxt9NCSoJOUKr+IUMe"},"_N$alphaThreshold":0.9}],"_prefab":{"__type__":"cc.PrefabInfo","root":{"__id__":1},"asset":{"__uuid__":"17xFE/IttByIB+iqXsI3TZ"},"fileId":"29xa1J1rtFdJ8SG4rZh07a"},"_contentSize":{"__type__":"cc.Size","width":170,"height":170},"_position":{"__type__":"cc.Vec2","x":-216,"y":45}},{"__type__":"cc.Node","_name":"Icon","_parent":{"__id__":13},"_components":[{"__type__":"cc.Sprite","node":{"__id__":14},"_spriteFrame":{"__uuid__":"8c20Sso/ZEn7NUfNSM+EBh"},"_sizeMode":0}],"_prefab":{"__type__":"cc.PrefabInfo","root":{"__id__":1},"asset":{"__uuid__":"17xFE/IttByIB+iqXsI3TZ"},"fileId":"80YrB3vihId7ZWFBEAfrSX"},"_contentSize":{"__type__":"cc.Size","width":170,"height":170}},{"__type__":"cc.Node","_name":"Mask","_parent":{"__id__":9},"_children":[{"__id__":16}],"_components":[{"__type__":"cc.Mask","node":{"__id__":15},"_type":2,"_N$spriteFrame":{"__uuid__":"93Xvmxt9NCSoJOUKr+IUMe"},"_N$alphaThreshold":0.9}],"_prefab":{"__type__":"cc.PrefabInfo","root":{"__id__":1},"asset":{"__uuid__":"17xFE/IttByIB+iqXsI3TZ"},"fileId":"c9A3kYjIBH9pfXJrEaBS4e"},"_contentSize":{"__type__":"cc.Size","width":170,"height":170},"_position":{"__type__":"cc.Vec2","x":219,"y":50}},{"__type__":"cc.Node","_name":"Icon","_parent":{"__id__":15},"_components":[{"__type__":"cc.Sprite","node":{"__id__":16},"_spriteFrame":{"__uuid__":"8c20Sso/ZEn7NUfNSM+EBh"},"_sizeMode":0}],"_prefab":{"__type__":"cc.PrefabInfo","root":{"__id__":1},"asset":{"__uuid__":"17xFE/IttByIB+iqXsI3TZ"},"fileId":"09iq5ko8VKc5J6AEtqZGXO"},"_contentSize":{"__type__":"cc.Size","width":170,"height":170},"_position":{"__type__":"cc.Vec2","y":4}}],{"__type__":"cc.SpriteFrame","content":{"name":"bj_1","texture":"6f0X7+ldpMxo4O8bFTzAmQ","rect":[0,0,1334,750],"offset":[0,0],"originalSize":[1334,750]}},{"__type__":"cc.SpriteFrame","content":{"name":"return","texture":"7dnjMVOHRAyaaSkeBY+Bh5","rect":[0,0,76,68],"offset":[0,0],"originalSize":[76,68]}},{"__type__":"cc.SpriteFrame","content":{"name":"head_portrait-3","texture":"e9wZ3yp1BHI6QUBubMu49j","rect":[0,0,316,84],"offset":[0,0],"originalSize":[316,84]}},{"__type__":"cc.SpriteFrame","content":{"name":"button_2","texture":"2ah7jecb5NRaHAZ+Rls/sl","rect":[0,1,133,133],"offset":[0,-0.5],"originalSize":[133,134]}},[{"__type__":"cc.Prefab","_name":"tank_2","data":{"__id__":1},"asyncLoadAssets":null},{"__type__":"cc.Node","_name":"tank_2","_components":[{"__type__":"cc.Sprite","node":{"__id__":1},"_spriteFrame":{"__uuid__":"dftBzIBDpCq4jzvp+V/29F"}},{"__type__":"cc.RigidBody","node":{"__id__":1},"enabledContactListener":true},{"__type__":"cc.PhysicsBoxCollider","node":{"__id__":1},"_size":{"__type__":"cc.Size","width":63,"height":90}},{"__type__":"33ad7W4Sq9CJ4BpgZFyxICj","node":{"__id__":1}},{"__type__":"cc.PolygonCollider","node":{"__id__":1},"tag":5,"points":[{"__type__":"cc.Vec2","x":-3.5,"y":45},{"__type__":"cc.Vec2","x":-3.5,"y":24},{"__type__":"cc.Vec2","x":-14.5,"y":24},{"__type__":"cc.Vec2","x":-14.5,"y":28},{"__type__":"cc.Vec2","x":-16.5,"y":30},{"__type__":"cc.Vec2","x":-28.5,"y":30},{"__type__":"cc.Vec2","x":-30.5,"y":27},{"__type__":"cc.Vec2","x":-30.5,"y":-43},{"__type__":"cc.Vec2","x":-28.5,"y":-45},{"__type__":"cc.Vec2","x":-15.5,"y":-45},{"__type__":"cc.Vec2","x":-14.5,"y":-40},{"__type__":"cc.Vec2","x":14.5,"y":-40},{"__type__":"cc.Vec2","x":15.5,"y":-45},{"__type__":"cc.Vec2","x":28.5,"y":-45},{"__type__":"cc.Vec2","x":30.5,"y":-43},{"__type__":"cc.Vec2","x":31.5,"y":-27},{"__type__":"cc.Vec2","x":30.5,"y":27},{"__type__":"cc.Vec2","x":28.5,"y":30},{"__type__":"cc.Vec2","x":16.5,"y":30},{"__type__":"cc.Vec2","x":14.5,"y":28},{"__type__":"cc.Vec2","x":14.5,"y":24},{"__type__":"cc.Vec2","x":3.5,"y":24},{"__type__":"cc.Vec2","x":3.5,"y":45}]}],"_prefab":{"__type__":"cc.PrefabInfo","root":{"__id__":1},"asset":{"__uuid__":"20jT8S2gZJl4njKzrAN+gi"},"fileId":"3bG9vzHV5IyrZmUe2WGySq"},"_contentSize":{"__type__":"cc.Size","width":63,"height":90},"_position":{"__type__":"cc.Vec2","x":-771,"y":341}}],{"__type__":"cc.SpriteFrame","content":{"name":"default_btn_disabled","texture":"71VhFCTINJM6/Ky3oX9nBT","rect":[0,0,40,40],"offset":[0,0],"originalSize":[40,40],"capInsets":[15,7,15,9]}},{"__type__":"cc.SpriteFrame","content":{"name":"tree","texture":"c7B9AOs3NLJ76cTS+/T633","rect":[0,0,1333,750],"offset":[-0.5,0],"originalSize":[1334,750]}},{"__type__":"cc.SpriteFrame","content":{"name":"icon_3","texture":"73gJJg/fhMQaL4YQb39YZt","rect":[0,0,250,268],"offset":[0,0],"originalSize":[250,268]}},{"__type__":"cc.SpriteFrame","content":{"name":"head_portrait_3_1","texture":"22AB/femRMc5jo6mEUR4Pe","rect":[0,0,943,366],"offset":[0,0],"originalSize":[943,366]}},[{"__type__":"cc.Prefab","_name":"wall_1_2","data":{"__id__":1},"asyncLoadAssets":null},{"__type__":"cc.Node","_name":"wall_1_2","_components":[{"__type__":"cc.Sprite","node":{"__id__":1},"_spriteFrame":{"__uuid__":"093+nGp1VIELEAFM6BOO1+"}},{"__type__":"1a3ddLI5Y9ET54Wf+qMBtnj","node":{"__id__":1}},{"__type__":"cc.RigidBody","node":{"__id__":1},"_type":1,"_allowSleep":false,"bullet":true},{"__type__":"cc.PhysicsBoxCollider","node":{"__id__":1},"_restitution":0.4,"_offset":{"__type__":"cc.Vec2","x":9,"y":12},"_size":{"__type__":"cc.Size","width":17,"height":171}},{"__type__":"cc.BoxCollider","node":{"__id__":1},"_offset":{"__type__":"cc.Vec2","x":8.8,"y":96.6},"_size":{"__type__":"cc.Size","width":17,"height":2.1}},{"__type__":"cc.BoxCollider","node":{"__id__":1},"tag":1,"_offset":{"__type__":"cc.Vec2","x":16.9,"y":11.71},"_size":{"__type__":"cc.Size","width":1.3,"height":171.18}},{"__type__":"cc.BoxCollider","node":{"__id__":1},"tag":2,"_offset":{"__type__":"cc.Vec2","x":8.62,"y":-72.45},"_size":{"__type__":"cc.Size","width":17.15,"height":2.89}},{"__type__":"cc.BoxCollider","node":{"__id__":1},"tag":3,"_offset":{"__type__":"cc.Vec2","x":1.4,"y":11.71},"_size":{"__type__":"cc.Size","width":2.6,"height":170.88}}],"_prefab":{"__type__":"cc.PrefabInfo","root":{"__id__":1},"asset":{"__uuid__":"4at5HwPDlBB4K++bECEOcf"},"fileId":"7c11Qok05B/rvb2vPxx5ob"},"_contentSize":{"__type__":"cc.Size","width":34,"height":194},"_position":{"__type__":"cc.Vec2","x":-513,"y":840}}],{"__type__":"cc.SpriteFrame","content":{"name":"sound_1","texture":"f3UvFxG2VDRr1dhJR5HEmi","rect":[0,0,51,51],"offset":[0,0],"originalSize":[51,51]}},{"__type__":"cc.SpriteFrame","content":{"name":"wall_2","texture":"26gLD8Ky1H5otDKKT0/8eX","rect":[0,0,194,33],"offset":[0,0.5],"originalSize":[194,34]}},{"__type__":"cc.SpriteFrame","content":{"name":"icon_1","texture":"9eP4U1ejpGhL8X6gAqh3lv","rect":[0,0,250,268],"offset":[0,0],"originalSize":[250,268]}},{"__type__":"cc.SpriteFrame","content":{"name":"tank_1","texture":"83zCF2GNhDTao7BsMG9Mfk","rect":[0,0,63,90],"offset":[0,0],"originalSize":[63,90]}},{"__type__":"cc.SpriteFrame","content":{"name":"default_progressbar","texture":"cf73jxyN9Jt47QTJU6ziYh","rect":[0,0,30,15],"offset":[0,0],"originalSize":[30,15],"capInsets":[5,0,5,0]}},{"__type__":"cc.SpriteFrame","content":{"name":"bj_5","texture":"abYjvUCHFKKaifm41SwcqE","rect":[0,0,1334,750],"offset":[0,0],"originalSize":[1334,750]}},[{"__type__":"cc.Prefab","_name":"wall_1_3","data":{"__id__":1},"asyncLoadAssets":null},{"__type__":"cc.Node","_name":"wall_1_3","_components":[{"__type__":"cc.Sprite","node":{"__id__":1},"_spriteFrame":{"__uuid__":"eba+qOg4FGBaDHmJUcwKHE"}},{"__type__":"1a3ddLI5Y9ET54Wf+qMBtnj","node":{"__id__":1}},{"__type__":"cc.RigidBody","node":{"__id__":1},"_type":1,"_allowSleep":false,"bullet":true},{"__type__":"cc.PhysicsBoxCollider","node":{"__id__":1},"_restitution":0.4,"_offset":{"__type__":"cc.Vec2","x":9,"y":12},"_size":{"__type__":"cc.Size","width":17,"height":170}},{"__type__":"cc.BoxCollider","node":{"__id__":1},"_offset":{"__type__":"cc.Vec2","x":8.9,"y":96.9},"_size":{"__type__":"cc.Size","width":16.9,"height":1.1}},{"__type__":"cc.BoxCollider","node":{"__id__":1},"tag":1,"_offset":{"__type__":"cc.Vec2","x":17.1,"y":11.9},"_size":{"__type__":"cc.Size","width":0.9,"height":170}},{"__type__":"cc.BoxCollider","node":{"__id__":1},"tag":2,"_offset":{"__type__":"cc.Vec2","x":8.9,"y":-72.3},"_size":{"__type__":"cc.Size","width":16.8,"height":1.9}},{"__type__":"cc.BoxCollider","node":{"__id__":1},"tag":3,"_offset":{"__type__":"cc.Vec2","x":0.52,"y":12.05},"_size":{"__type__":"cc.Size","width":0.39,"height":170.2}}],"_prefab":{"__type__":"cc.PrefabInfo","root":{"__id__":1},"asset":{"__uuid__":"74MtGGhj9C05aOnOy6Od9P"},"fileId":"0bLUkVLk5HvKTeFXyClrv+"},"_contentSize":{"__type__":"cc.Size","width":34,"height":194},"_position":{"__type__":"cc.Vec2","x":-638,"y":673}}],[{"__type__":"cc.Prefab","_name":"wall_2","data":{"__id__":1},"asyncLoadAssets":null},{"__type__":"cc.Node","_name":"wall_2","_components":[{"__type__":"cc.Sprite","node":{"__id__":1},"_spriteFrame":{"__uuid__":"4dwgqNP6pJ54lQ0Qkh9hRW"}},{"__type__":"1a3ddLI5Y9ET54Wf+qMBtnj","node":{"__id__":1}},{"__type__":"cc.RigidBody","node":{"__id__":1},"_type":1,"_allowSleep":false,"bullet":true},{"__type__":"cc.PhysicsBoxCollider","node":{"__id__":1},"_restitution":0.4,"_offset":{"__type__":"cc.Vec2","x":11,"y":9},"_size":{"__type__":"cc.Size","width":173,"height":15.9}},{"__type__":"cc.BoxCollider","node":{"__id__":1},"_offset":{"__type__":"cc.Vec2","x":10.8,"y":14.2},"_size":{"__type__":"cc.Size","width":173,"height":5}},{"__type__":"cc.BoxCollider","node":{"__id__":1},"tag":1,"_offset":{"__type__":"cc.Vec2","x":96.9,"y":8.5},"_size":{"__type__":"cc.Size","width":1.1,"height":16}},{"__type__":"cc.BoxCollider","node":{"__id__":1},"tag":2,"_offset":{"__type__":"cc.Vec2","x":10.8,"y":2.7},"_size":{"__type__":"cc.Size","width":173,"height":4.4}},{"__type__":"cc.BoxCollider","node":{"__id__":1},"tag":3,"_offset":{"__type__":"cc.Vec2","x":-75.2,"y":8.57},"_size":{"__type__":"cc.Size","width":1.17,"height":16.15}}],"_prefab":{"__type__":"cc.PrefabInfo","root":{"__id__":1},"asset":{"__uuid__":"742wjX/YBP1JzoluTiLZ2R"},"fileId":"b372fZJn5Ff4H+ILH+SA0P"},"_contentSize":{"__type__":"cc.Size","width":194,"height":33},"_position":{"__type__":"cc.Vec2","x":-900,"y":666}}],{"__type__":"cc.SpriteFrame","content":{"name":"logo_1","texture":"50sCsECRNDma/Rzlbi8m8F","rect":[0,0,419,315],"offset":[0,0],"originalSize":[419,315]}},{"__type__":"cc.SpriteFrame","content":{"name":"flower_1","texture":"83ZPTT66lGw5GV34311WVh","rect":[0,0,171,42],"offset":[0,0],"originalSize":[171,42]}},[{"__type__":"cc.Prefab","_name":"HomePagePanel","data":{"__id__":1},"asyncLoadAssets":null},{"__type__":"cc.Node","_name":"HomePagePanel","_children":[{"__id__":2},{"__id__":3},{"__id__":4},{"__id__":5},{"__id__":6},{"__id__":7}],"_components":[{"__type__":"34123NWVIRNU6xkpmnqGz20","node":{"__id__":1},"lobbyPanel":{"__uuid__":"d81NLhQCdJiKpZQXFdKXMQ"},"openSoundSprite":{"__uuid__":"4boHvawgNFjarvl/+5NiHo"},"closeSoundSprite":{"__uuid__":"cfKcZ3u01HX5BRPSDBDB9K"}}],"_prefab":{"__type__":"cc.PrefabInfo","root":{"__id__":1},"asset":{"__uuid__":"84dADdcaxCdrX7mTiXVUO8"},"fileId":"180HC+wolEIpaQRrOEpoRP"},"_contentSize":{"__type__":"cc.Size","width":1334,"height":750}},{"__type__":"cc.Node","_name":"Bg1","_parent":{"__id__":1},"_components":[{"__type__":"cc.Sprite","node":{"__id__":2},"_spriteFrame":{"__uuid__":"18v7S8CrdCj7ODM7vzmaZw"}}],"_prefab":{"__type__":"cc.PrefabInfo","root":{"__id__":1},"asset":{"__uuid__":"84dADdcaxCdrX7mTiXVUO8"},"fileId":"14pcp7hzJKgq8rFlu5C2ll"},"_contentSize":{"__type__":"cc.Size","width":1334,"height":750}},{"__type__":"cc.Node","_name":"Icon","_parent":{"__id__":1},"_components":[{"__type__":"cc.Sprite","node":{"__id__":3},"_spriteFrame":{"__uuid__":"78dGM1cEFC1LlQQqoKiyeH"}}],"_prefab":{"__type__":"cc.PrefabInfo","root":{"__id__":1},"asset":{"__uuid__":"84dADdcaxCdrX7mTiXVUO8"},"fileId":"c8CHnrHZxNU4pcOOPY1Pla"},"_contentSize":{"__type__":"cc.Size","width":419,"height":315},"_position":{"__type__":"cc.Vec2","y":217.5}},{"__type__":"cc.Node","_name":"Bg2","_parent":{"__id__":1},"_components":[{"__type__":"cc.Sprite","node":{"__id__":4},"_spriteFrame":{"__uuid__":"2fRoio6DFLpqhLR8cWZlXG"}}],"_prefab":{"__type__":"cc.PrefabInfo","root":{"__id__":1},"asset":{"__uuid__":"84dADdcaxCdrX7mTiXVUO8"},"fileId":"9cZoYSZdBB3bF3WLVVXqIQ"},"_contentSize":{"__type__":"cc.Size","width":1333,"height":750}},{"__type__":"cc.Node","_name":"StartButton","_parent":{"__id__":1},"_components":[{"__type__":"cc.Sprite","node":{"__id__":5},"_spriteFrame":{"__uuid__":"8cqlats2tA16LOAYwbgwOi"},"_type":1,"_sizeMode":0},{"__type__":"cc.Button","node":{"__id__":5},"transition":3,"pressedColor":{"__type__":"cc.Color","r":255,"g":255,"b":255},"clickEvents":[{"__type__":"cc.ClickEvent","target":{"__id__":1},"component":"HomePageCtrl","handler":"OnClickStartButton"}],"_N$normalColor":{"__type__":"cc.Color","r":255,"g":255,"b":255},"_N$disabledColor":{"__type__":"cc.Color","r":255,"g":255,"b":255},"_N$normalSprite":{"__uuid__":"8cqlats2tA16LOAYwbgwOi"},"_N$pressedSprite":{"__uuid__":"e97GVMl6JHh5Ml5qEDdSGa"},"pressedSprite":{"__uuid__":"e97GVMl6JHh5Ml5qEDdSGa"},"_N$hoverSprite":{"__uuid__":"e97GVMl6JHh5Ml5qEDdSGa"},"hoverSprite":{"__uuid__":"e97GVMl6JHh5Ml5qEDdSGa"},"_N$disabledSprite":{"__uuid__":"29FYIk+N1GYaeWH/q1NxQO"},"_N$target":{"__id__":5}}],"_prefab":{"__type__":"cc.PrefabInfo","root":{"__id__":1},"asset":{"__uuid__":"84dADdcaxCdrX7mTiXVUO8"},"fileId":"159fp6cjRK1LUFJ3816wUr"},"_contentSize":{"__type__":"cc.Size","width":377,"height":98},"_position":{"__type__":"cc.Vec2","y":-225.2}},{"__type__":"cc.Node","_name":"Sound","_parent":{"__id__":1},"_components":[{"__type__":"cc.Sprite","node":{"__id__":6},"_spriteFrame":{"__uuid__":"f7sAm9GEROCbF/bFNfCo9N"}}],"_prefab":{"__type__":"cc.PrefabInfo","root":{"__id__":1},"asset":{"__uuid__":"84dADdcaxCdrX7mTiXVUO8"},"fileId":"d3ae4ggZxNDIsseEF5BE+o"},"_contentSize":{"__type__":"cc.Size","width":53,"height":32},"_position":{"__type__":"cc.Vec2","x":519,"y":-85.7}},{"__type__":"cc.Node","_name":"SoundButton","_parent":{"__id__":1},"_components":[{"__type__":"cc.Sprite","node":{"__id__":7},"_spriteFrame":{"__uuid__":"4boHvawgNFjarvl/+5NiHo"},"_type":1,"_sizeMode":0},{"__type__":"cc.Button","node":{"__id__":7},"transition":3,"pressedColor":{"__type__":"cc.Color","r":255,"g":255,"b":255},"clickEvents":[{"__type__":"cc.ClickEvent","target":{"__id__":1},"component":"HomePageCtrl","handler":"OnClickSoundButton"}],"_N$normalColor":{"__type__":"cc.Color","r":255,"g":255,"b":255},"_N$disabledColor":{"__type__":"cc.Color","r":255,"g":255,"b":255},"_N$normalSprite":{"__uuid__":"f0BIwQ8D5Ml7nTNQbh1YlS"},"_N$pressedSprite":{"__uuid__":"e97GVMl6JHh5Ml5qEDdSGa"},"pressedSprite":{"__uuid__":"e97GVMl6JHh5Ml5qEDdSGa"},"_N$hoverSprite":{"__uuid__":"e97GVMl6JHh5Ml5qEDdSGa"},"hoverSprite":{"__uuid__":"e97GVMl6JHh5Ml5qEDdSGa"},"_N$disabledSprite":{"__uuid__":"29FYIk+N1GYaeWH/q1NxQO"},"_N$target":{"__id__":7}}],"_prefab":{"__type__":"cc.PrefabInfo","root":{"__id__":1},"asset":{"__uuid__":"84dADdcaxCdrX7mTiXVUO8"},"fileId":"8eE7g7FPRBf7sGq+FNMyRo"},"_contentSize":{"__type__":"cc.Size","width":51,"height":51},"_position":{"__type__":"cc.Vec2","x":525.4,"y":-133.6}}],{"__type__":"cc.SpriteFrame","content":{"name":"corner_3","texture":"edl0B/sfBByLxwVJMnBgaS","rect":[0,0,41,50],"offset":[0,0],"originalSize":[41,50]}},[{"__type__":"cc.SceneAsset","_name":"MainScenes","scene":{"__id__":1},"asyncLoadAssets":null},{"__type__":"cc.Scene","_name":"New Node","_children":[{"__id__":2},{"__id__":4},{"__id__":5}],"_anchorPoint":{"__type__":"cc.Vec2"},"autoReleaseAssets":null},{"__type__":"cc.Node","_name":"BgSound","_parent":{"__id__":1},"_components":[{"__id__":3}],"_id":"d06Kx1laNJlbkYnPI6qMJm"},{"__type__":"cc.AudioSource","node":{"__id__":2},"_clip":{"__uuid__":"dcR4x5raFGC6ybay6ApNbN"},"_loop":true},{"__type__":"cc.Node","_name":"WebScoket","_parent":{"__id__":1},"_components":[{"__type__":"8aeccTbL45CTogTfRwPMgzA","node":{"__id__":4}}],"_id":"ff4P3wf91EWalc1tBENCoa"},{"__type__":"cc.Node","_name":"Canvas","_parent":{"__id__":1},"_children":[{"__id__":6},{"__id__":13}],"_components":[{"__type__":"cc.Canvas","node":{"__id__":5},"_designResolution":{"__type__":"cc.Size","width":1334,"height":750}}],"_id":"13EWiRXO5IlIEo8xMdhBwE","_contentSize":{"__type__":"cc.Size","width":1334,"height":750},"_position":{"__type__":"cc.Vec2","x":667,"y":375}},{"__type__":"cc.Node","_name":"HomePagePanel","_parent":{"__id__":5},"_children":[{"__id__":7},{"__id__":8},{"__id__":9},{"__id__":10},{"__id__":11},{"__id__":12}],"_active":false,"_components":[{"__type__":"34123NWVIRNU6xkpmnqGz20","node":{"__id__":6},"lobbyPanel":{"__uuid__":"d81NLhQCdJiKpZQXFdKXMQ"},"openSoundSprite":{"__uuid__":"4boHvawgNFjarvl/+5NiHo"},"closeSoundSprite":{"__uuid__":"cfKcZ3u01HX5BRPSDBDB9K"},"bgSound":{"__id__":3}}],"_prefab":{"__type__":"cc.PrefabInfo","root":{"__id__":6},"asset":{"__uuid__":"84dADdcaxCdrX7mTiXVUO8"},"fileId":"180HC+wolEIpaQRrOEpoRP"},"_contentSize":{"__type__":"cc.Size","width":1334,"height":750}},{"__type__":"cc.Node","_name":"Bg1","_parent":{"__id__":6},"_components":[{"__type__":"cc.Sprite","node":{"__id__":7},"_spriteFrame":{"__uuid__":"18v7S8CrdCj7ODM7vzmaZw"}}],"_prefab":{"__type__":"cc.PrefabInfo","root":{"__id__":6},"asset":{"__uuid__":"84dADdcaxCdrX7mTiXVUO8"},"fileId":"14pcp7hzJKgq8rFlu5C2ll"},"_contentSize":{"__type__":"cc.Size","width":1334,"height":750}},{"__type__":"cc.Node","_name":"Icon","_parent":{"__id__":6},"_components":[{"__type__":"cc.Sprite","node":{"__id__":8},"_spriteFrame":{"__uuid__":"78dGM1cEFC1LlQQqoKiyeH"}}],"_prefab":{"__type__":"cc.PrefabInfo","root":{"__id__":6},"asset":{"__uuid__":"84dADdcaxCdrX7mTiXVUO8"},"fileId":"c8CHnrHZxNU4pcOOPY1Pla"},"_contentSize":{"__type__":"cc.Size","width":419,"height":315},"_position":{"__type__":"cc.Vec2","y":217.5}},{"__type__":"cc.Node","_name":"Bg2","_parent":{"__id__":6},"_components":[{"__type__":"cc.Sprite","node":{"__id__":9},"_spriteFrame":{"__uuid__":"2fRoio6DFLpqhLR8cWZlXG"}}],"_prefab":{"__type__":"cc.PrefabInfo","root":{"__id__":6},"asset":{"__uuid__":"84dADdcaxCdrX7mTiXVUO8"},"fileId":"9cZoYSZdBB3bF3WLVVXqIQ"},"_contentSize":{"__type__":"cc.Size","width":1333,"height":750}},{"__type__":"cc.Node","_name":"StartButton","_parent":{"__id__":6},"_components":[{"__type__":"cc.Sprite","node":{"__id__":10},"_spriteFrame":{"__uuid__":"8cqlats2tA16LOAYwbgwOi"},"_type":1,"_sizeMode":0},{"__type__":"cc.Button","node":{"__id__":10},"transition":3,"pressedColor":{"__type__":"cc.Color","r":255,"g":255,"b":255},"clickEvents":[{"__type__":"cc.ClickEvent","target":{"__id__":6},"component":"HomePageCtrl","handler":"OnClickStartButton"}],"_N$normalColor":{"__type__":"cc.Color","r":255,"g":255,"b":255},"_N$disabledColor":{"__type__":"cc.Color","r":255,"g":255,"b":255},"_N$normalSprite":{"__uuid__":"8cqlats2tA16LOAYwbgwOi"},"_N$pressedSprite":{"__uuid__":"e97GVMl6JHh5Ml5qEDdSGa"},"pressedSprite":{"__uuid__":"e97GVMl6JHh5Ml5qEDdSGa"},"_N$hoverSprite":{"__uuid__":"e97GVMl6JHh5Ml5qEDdSGa"},"hoverSprite":{"__uuid__":"e97GVMl6JHh5Ml5qEDdSGa"},"_N$disabledSprite":{"__uuid__":"29FYIk+N1GYaeWH/q1NxQO"},"_N$target":{"__id__":10}}],"_prefab":{"__type__":"cc.PrefabInfo","root":{"__id__":6},"asset":{"__uuid__":"84dADdcaxCdrX7mTiXVUO8"},"fileId":"159fp6cjRK1LUFJ3816wUr"},"_contentSize":{"__type__":"cc.Size","width":377,"height":98},"_position":{"__type__":"cc.Vec2","y":-225.2}},{"__type__":"cc.Node","_name":"Sound","_parent":{"__id__":6},"_components":[{"__type__":"cc.Sprite","node":{"__id__":11},"_spriteFrame":{"__uuid__":"f7sAm9GEROCbF/bFNfCo9N"}}],"_prefab":{"__type__":"cc.PrefabInfo","root":{"__id__":6},"asset":{"__uuid__":"84dADdcaxCdrX7mTiXVUO8"},"fileId":"d3ae4ggZxNDIsseEF5BE+o"},"_contentSize":{"__type__":"cc.Size","width":53,"height":32},"_position":{"__type__":"cc.Vec2","x":519,"y":-85.7}},{"__type__":"cc.Node","_name":"SoundButton","_parent":{"__id__":6},"_components":[{"__type__":"cc.Sprite","node":{"__id__":12},"_spriteFrame":{"__uuid__":"4boHvawgNFjarvl/+5NiHo"},"_type":1,"_sizeMode":0},{"__type__":"cc.Button","node":{"__id__":12},"transition":3,"pressedColor":{"__type__":"cc.Color","r":255,"g":255,"b":255},"clickEvents":[{"__type__":"cc.ClickEvent","target":{"__id__":6},"component":"HomePageCtrl","handler":"OnClickSoundButton"}],"_N$normalColor":{"__type__":"cc.Color","r":255,"g":255,"b":255},"_N$disabledColor":{"__type__":"cc.Color","r":255,"g":255,"b":255},"_N$normalSprite":{"__uuid__":"f0BIwQ8D5Ml7nTNQbh1YlS"},"_N$pressedSprite":{"__uuid__":"e97GVMl6JHh5Ml5qEDdSGa"},"pressedSprite":{"__uuid__":"e97GVMl6JHh5Ml5qEDdSGa"},"_N$hoverSprite":{"__uuid__":"e97GVMl6JHh5Ml5qEDdSGa"},"hoverSprite":{"__uuid__":"e97GVMl6JHh5Ml5qEDdSGa"},"_N$disabledSprite":{"__uuid__":"29FYIk+N1GYaeWH/q1NxQO"},"_N$target":{"__id__":12}}],"_prefab":{"__type__":"cc.PrefabInfo","root":{"__id__":6},"asset":{"__uuid__":"84dADdcaxCdrX7mTiXVUO8"},"fileId":"8eE7g7FPRBf7sGq+FNMyRo"},"_contentSize":{"__type__":"cc.Size","width":51,"height":51},"_position":{"__type__":"cc.Vec2","x":525.4,"y":-133.6}},{"__type__":"cc.Node","_name":"LoginPagePanel","_parent":{"__id__":5},"_children":[{"__id__":14},{"__id__":15},{"__id__":16}],"_components":[{"__type__":"d2df5VGenVNoJazyDhc4uYt","node":{"__id__":13},"userName":{"__id__":15},"WebScoketNode":{"__id__":4},"BattlePage":{"__uuid__":"05rPMycf9OyKhNwEPoSIoE"}}],"_contentSize":{"__type__":"cc.Size","width":1334,"height":750}},{"__type__":"cc.Node","_name":"New Sprite","_parent":{"__id__":13},"_components":[{"__type__":"cc.Sprite","node":{"__id__":14},"_spriteFrame":{"__uuid__":"bea2ay+2pHe5C3YSwRP06J"},"_type":2,"_sizeMode":0}],"_contentSize":{"__type__":"cc.Size","width":1334,"height":750}},{"__type__":"cc.Node","_name":"New EditBox","_parent":{"__id__":13},"_components":[{"__type__":"cc.EditBox","node":{"__id__":15},"_useOriginalSize":false,"_N$backgroundImage":{"__uuid__":"675ovJ2tVK2aLYfgPUWOMv"},"_N$inputMode":6,"_N$fontSize":29,"_N$fontColor":{"__type__":"cc.Color"},"_N$maxLength":8}],"_contentSize":{"__type__":"cc.Size","width":160,"height":40}},{"__type__":"cc.Node","_name":"New Button","_parent":{"__id__":13},"_children":[{"__id__":17}],"_components":[{"__type__":"cc.Sprite","node":{"__id__":16},"_spriteFrame":{"__uuid__":"f0BIwQ8D5Ml7nTNQbh1YlS"},"_type":1,"_sizeMode":0},{"__type__":"cc.Button","node":{"__id__":16},"transition":2,"pressedColor":{"__type__":"cc.Color","r":255,"g":255,"b":255},"clickEvents":[{"__type__":"cc.ClickEvent","target":{"__id__":13},"component":"LoginPageCtrl","handler":"onLogin"}],"_N$normalColor":{"__type__":"cc.Color","r":255,"g":255,"b":255},"_N$disabledColor":{"__type__":"cc.Color","r":255,"g":255,"b":255},"_N$normalSprite":{"__uuid__":"f0BIwQ8D5Ml7nTNQbh1YlS"},"_N$pressedSprite":{"__uuid__":"e97GVMl6JHh5Ml5qEDdSGa"},"pressedSprite":{"__uuid__":"e97GVMl6JHh5Ml5qEDdSGa"},"_N$hoverSprite":{"__uuid__":"e97GVMl6JHh5Ml5qEDdSGa"},"hoverSprite":{"__uuid__":"e97GVMl6JHh5Ml5qEDdSGa"},"_N$disabledSprite":{"__uuid__":"29FYIk+N1GYaeWH/q1NxQO"},"_N$target":{"__id__":16}}],"_contentSize":{"__type__":"cc.Size","width":100,"height":40},"_position":{"__type__":"cc.Vec2","x":-3,"y":-87}},{"__type__":"cc.Node","_name":"Label","_parent":{"__id__":16},"_components":[{"__type__":"cc.Label","node":{"__id__":17},"_useOriginalSize":false,"_fontSize":20,"_enableWrapText":false,"_N$string":"button","_N$horizontalAlign":1,"_N$verticalAlign":1,"_N$overflow":1}],"_color":{"__type__":"cc.Color"},"_contentSize":{"__type__":"cc.Size","width":100,"height":40}}],{"__type__":"cc.SpriteFrame","content":{"name":"wall_1","texture":"d72oj+S0JH16oDk9MIJL2O","rect":[0,0,34,194],"offset":[0,0],"originalSize":[34,194]}},{"__type__":"cc.SpriteFrame","content":{"name":"button_1","texture":"17pj6Q21lJUYRCzZH3wE0Y","rect":[0,0,377,98],"offset":[0,0],"originalSize":[377,98]}},{"__type__":"cc.SpriteFrame","content":{"name":"default_sprite","texture":"6eBWFz0oVHPLIGQKf/9Thu","rect":[0,2,40,36],"offset":[0,0],"originalSize":[40,40]}},{"__type__":"cc.SpriteFrame","content":{"name":"bullet","texture":"87do6rKPFGkJNRjQCV0sPz","rect":[0,0,12,12],"offset":[0,0],"originalSize":[12,12]}},{"__type__":"cc.SpriteFrame","content":{"name":"round_3","texture":"0cpkDog19L9YzUWOjo+lLX","rect":[0,0,173,173],"offset":[0,0],"originalSize":[173,173]}},[{"__type__":"cc.Prefab","_name":"bullet","data":{"__id__":1},"asyncLoadAssets":null},{"__type__":"cc.Node","_name":"bullet","_components":[{"__type__":"cc.Sprite","node":{"__id__":1},"_spriteFrame":{"__uuid__":"8fkCMhbENHfp46JUCA8lxq"}},{"__type__":"cc.CircleCollider","node":{"__id__":1},"tag":999,"_radius":6.6},{"__type__":"2a2bbazLDJL6aDlFXxZ1Za8","node":{"__id__":1}}],"_prefab":{"__type__":"cc.PrefabInfo","root":{"__id__":1},"asset":{"__uuid__":"97MwwYIAhM/rddLUAHjyWU"},"fileId":"296xfANT1Aj4O1fNRahAYe"},"_contentSize":{"__type__":"cc.Size","width":12,"height":12},"_position":{"__type__":"cc.Vec2","x":379,"y":341}}],{"__type__":"cc.SpriteFrame","content":{"name":"corner_2","texture":"0cWkdIPxxF0qeCjAEnca37","rect":[0,0,44,43],"offset":[0,0],"originalSize":[44,43]}},{"__type__":"cc.SpriteFrame","content":{"name":"icon_4","texture":"5dfIy3mBNPir9d1cAlgUro","rect":[0,0,249,268],"offset":[0,0],"originalSize":[249,268]}},{"__type__":"cc.SpriteFrame","content":{"name":"logo_3","texture":"dfR5v43yJE/Km/2307DUFy","rect":[0,0,251,162],"offset":[0,0],"originalSize":[251,162]}},{"__type__":"cc.SpriteFrame","content":{"name":"flower_3","texture":"27ki+R7oZI7ZKo5hPFgHzT","rect":[0,0,171,42],"offset":[0,0],"originalSize":[171,42]}},{"__type__":"cc.SpriteFrame","content":{"name":"frame_3","texture":"3a6vKywdNGgaPr0TwJ35X7","rect":[0,0,1070,627],"offset":[0,0],"originalSize":[1070,627]}},{"__type__":"cc.SpriteFrame","content":{"name":"translucent_3","texture":"c1BzgHyA9G2IT3Nh+ixjwS","rect":[0,0,1334,110],"offset":[0,0],"originalSize":[1334,110]}},[{"__type__":"cc.Prefab","_name":"wall_2_3","data":{"__id__":1},"asyncLoadAssets":null},{"__type__":"cc.Node","_name":"wall_2_3","_components":[{"__type__":"cc.Sprite","node":{"__id__":1},"_spriteFrame":{"__uuid__":"07djK+W+BB9a9DuZlxP8sz"}},{"__type__":"1a3ddLI5Y9ET54Wf+qMBtnj","node":{"__id__":1}},{"__type__":"cc.RigidBody","node":{"__id__":1},"_type":1,"_allowSleep":false,"bullet":true},{"__type__":"cc.PhysicsBoxCollider","node":{"__id__":1},"_restitution":0.4,"_offset":{"__type__":"cc.Vec2","x":11,"y":9},"_size":{"__type__":"cc.Size","width":173,"height":17}},{"__type__":"cc.BoxCollider","node":{"__id__":1},"_offset":{"__type__":"cc.Vec2","x":11.1,"y":16.4},"_size":{"__type__":"cc.Size","width":173.1,"height":3.1}},{"__type__":"cc.BoxCollider","node":{"__id__":1},"tag":1,"_offset":{"__type__":"cc.Vec2","x":95.9,"y":8.8},"_size":{"__type__":"cc.Size","width":4.2,"height":17.2}},{"__type__":"cc.BoxCollider","node":{"__id__":1},"tag":2,"_offset":{"__type__":"cc.Vec2","x":11.1,"y":0.9},"_size":{"__type__":"cc.Size","width":173.5,"height":1.8}},{"__type__":"cc.BoxCollider","node":{"__id__":1},"tag":3,"_offset":{"__type__":"cc.Vec2","x":-73.8,"y":9},"_size":{"__type__":"cc.Size","width":4.1,"height":17.4}}],"_prefab":{"__type__":"cc.PrefabInfo","root":{"__id__":1},"asset":{"__uuid__":"b3MxEEwvREtIVp4UDvCmLf"},"fileId":"f8kWA6LN9MUI1HBxxqCDbS"},"_contentSize":{"__type__":"cc.Size","width":194,"height":34},"_position":{"__type__":"cc.Vec2","x":-638,"y":673}}],{"__type__":"cc.SpriteFrame","content":{"name":"bj_5_1","texture":"72WcxqbxBHa6Z1XqRbe5Pe","rect":[0,0,171,171],"offset":[0,0],"originalSize":[171,171]}},{"__type__":"cc.SpriteFrame","content":{"name":"wall_2_2","texture":"48x82JycNMurxREFaCaPab","rect":[0,0,194,34],"offset":[0,0],"originalSize":[194,34]}},{"__type__":"cc.SpriteFrame","content":{"name":"icon_5","texture":"19nhOd8xNHQaeSYPchGNsq","rect":[1,0,124,33],"offset":[0.5,0],"originalSize":[125,33]}},{"__type__":"cc.SpriteFrame","content":{"name":"sound_2","texture":"e9Cop6jQZEJ4VQ1zxtMsTx","rect":[0,0,51,51],"offset":[0,0],"originalSize":[51,51]}},[{"__type__":"cc.Prefab","_name":"wall_1","data":{"__id__":1},"asyncLoadAssets":null},{"__type__":"cc.Node","_name":"wall_1","_components":[{"__type__":"cc.Sprite","node":{"__id__":1},"_spriteFrame":{"__uuid__":"87pvjHi0ZGCK9/SL0yDP1Z"}},{"__type__":"1a3ddLI5Y9ET54Wf+qMBtnj","node":{"__id__":1}},{"__type__":"cc.RigidBody","node":{"__id__":1},"_type":1,"_allowSleep":false,"bullet":true},{"__type__":"cc.PhysicsBoxCollider","node":{"__id__":1},"_restitution":0.4,"_offset":{"__type__":"cc.Vec2","x":8,"y":11},"_size":{"__type__":"cc.Size","width":18,"height":172}},{"__type__":"cc.BoxCollider","node":{"__id__":1},"tag":2,"_offset":{"__type__":"cc.Vec2","x":7.7,"y":-74.7},"_size":{"__type__":"cc.Size","width":18.3,"height":1.4}},{"__type__":"cc.BoxCollider","node":{"__id__":1},"_offset":{"__type__":"cc.Vec2","x":7.9,"y":96.8},"_size":{"__type__":"cc.Size","width":17.8,"height":1.1}},{"__type__":"cc.BoxCollider","node":{"__id__":1},"tag":1,"_offset":{"__type__":"cc.Vec2","x":16.6,"y":11},"_size":{"__type__":"cc.Size","width":0.8,"height":171.8}},{"__type__":"cc.BoxCollider","node":{"__id__":1},"tag":3,"_offset":{"__type__":"cc.Vec2","x":-1,"y":11.1},"_size":{"__type__":"cc.Size","width":0.9,"height":172}}],"_prefab":{"__type__":"cc.PrefabInfo","root":{"__id__":1},"asset":{"__uuid__":"d5m0IQZd9Ggp2JNULxbQz7"},"fileId":"3auT5GecdNSYaftXbAcxtw"},"_contentSize":{"__type__":"cc.Size","width":34,"height":194},"_position":{"__type__":"cc.Vec2","x":-935,"y":520}}],[{"__type__":"cc.Prefab","_name":"LobbyPanel","data":{"__id__":1},"asyncLoadAssets":null},{"__type__":"cc.Node","_name":"LobbyPanel","_children":[{"__id__":2},{"__id__":5},{"__id__":9},{"__id__":10},{"__id__":11},{"__id__":12},{"__id__":13}],"_components":[{"__type__":"8be5etHjxBFJ7oy5iXmUq28","node":{"__id__":1},"matchingPanel":{"__uuid__":"17xFE/IttByIB+iqXsI3TZ"}}],"_prefab":{"__type__":"cc.PrefabInfo","root":{"__id__":1},"asset":{"__uuid__":"d81NLhQCdJiKpZQXFdKXMQ"},"fileId":"0b7NKzo1VFkoz2d4Ovjz0Z"},"_contentSize":{"__type__":"cc.Size","width":1334,"height":750}},{"__type__":"cc.Node","_name":"Bg","_parent":{"__id__":1},"_children":[{"__id__":3},{"__id__":4}],"_components":[{"__type__":"cc.Sprite","node":{"__id__":2},"_spriteFrame":{"__uuid__":"09E1+u/VpM2p0a9CDZBI00"}}],"_prefab":{"__type__":"cc.PrefabInfo","root":{"__id__":1},"asset":{"__uuid__":"d81NLhQCdJiKpZQXFdKXMQ"},"fileId":"a1/sRtx1VAhKIYLp1DPiV3"},"_contentSize":{"__type__":"cc.Size","width":1334,"height":750}},{"__type__":"cc.Node","_name":"New Sprite","_parent":{"__id__":2},"_components":[{"__type__":"cc.Sprite","node":{"__id__":3},"_spriteFrame":{"__uuid__":"afsfqgtW1CloUAz8ZhttQU"}}],"_prefab":{"__type__":"cc.PrefabInfo","root":{"__id__":1},"asset":{"__uuid__":"d81NLhQCdJiKpZQXFdKXMQ"},"fileId":"7b27qEos5Dn7JoTgnfDog/"},"_contentSize":{"__type__":"cc.Size","width":1334,"height":110},"_position":{"__type__":"cc.Vec2","y":320}},{"__type__":"cc.Node","_name":"New Sprite","_parent":{"__id__":2},"_components":[{"__type__":"cc.Sprite","node":{"__id__":4},"_spriteFrame":{"__uuid__":"a6rTKGVPxBZYMggqlPJ3La"}}],"_prefab":{"__type__":"cc.PrefabInfo","root":{"__id__":1},"asset":{"__uuid__":"d81NLhQCdJiKpZQXFdKXMQ"},"fileId":"95j6EdOGBGArKB0K5hudl4"},"_contentSize":{"__type__":"cc.Size","width":251,"height":162},"_position":{"__type__":"cc.Vec2","y":254.7}},{"__type__":"cc.Node","_name":"UserInformation","_parent":{"__id__":1},"_children":[{"__id__":6},{"__id__":8}],"_components":[{"__type__":"cc.Sprite","node":{"__id__":5},"_spriteFrame":{"__uuid__":"1aiSO/v6JB4q8xlx8Nk8iz"}}],"_prefab":{"__type__":"cc.PrefabInfo","root":{"__id__":1},"asset":{"__uuid__":"d81NLhQCdJiKpZQXFdKXMQ"},"fileId":"0b9TBewsRG0YYZ+x1fxO7s"},"_contentSize":{"__type__":"cc.Size","width":316,"height":84},"_position":{"__type__":"cc.Vec2","x":-437,"y":325}},{"__type__":"cc.Node","_name":"Mask","_parent":{"__id__":5},"_children":[{"__id__":7}],"_components":[{"__type__":"cc.Mask","node":{"__id__":6},"_type":2,"_N$spriteFrame":{"__uuid__":"93Xvmxt9NCSoJOUKr+IUMe"},"_N$alphaThreshold":0.9}],"_prefab":{"__type__":"cc.PrefabInfo","root":{"__id__":1},"asset":{"__uuid__":"d81NLhQCdJiKpZQXFdKXMQ"},"fileId":"435GfSwh1CL5ModAQZ372M"},"_contentSize":{"__type__":"cc.Size","width":62,"height":62},"_position":{"__type__":"cc.Vec2","x":-117}},{"__type__":"cc.Node","_name":"Icon","_parent":{"__id__":6},"_components":[{"__type__":"cc.Sprite","node":{"__id__":7},"_spriteFrame":{"__uuid__":"8c20Sso/ZEn7NUfNSM+EBh"},"_sizeMode":0}],"_prefab":{"__type__":"cc.PrefabInfo","root":{"__id__":1},"asset":{"__uuid__":"d81NLhQCdJiKpZQXFdKXMQ"},"fileId":"bbV07Zp59LUa9wzJy+TMak"},"_contentSize":{"__type__":"cc.Size","width":62,"height":62}},{"__type__":"cc.Node","_name":"New Label","_parent":{"__id__":5},"_components":[{"__type__":"cc.Label","node":{"__id__":8},"_useOriginalSize":false,"_actualFontSize":24,"_fontSize":24,"_lineHeight":24,"_N$string":"昵称未获取","_N$horizontalAlign":1,"_N$verticalAlign":1}],"_prefab":{"__type__":"cc.PrefabInfo","root":{"__id__":1},"asset":{"__uuid__":"d81NLhQCdJiKpZQXFdKXMQ"},"fileId":"ebP6lVijhIMbd7FLVmNfbQ"},"_contentSize":{"__type__":"cc.Size","width":120,"height":24},"_position":{"__type__":"cc.Vec2","x":27.9}},{"__type__":"cc.Node","_name":"BackButton","_parent":{"__id__":1},"_components":[{"__type__":"cc.Sprite","node":{"__id__":9},"_spriteFrame":{"__uuid__":"19yt1tyydMzaS/R80O5f6G"},"_type":1,"_sizeMode":0},{"__type__":"cc.Button","node":{"__id__":9},"transition":3,"pressedColor":{"__type__":"cc.Color","r":255,"g":255,"b":255},"clickEvents":[{"__type__":"cc.ClickEvent","target":{"__id__":1},"component":"LobbyPageCtrl","handler":"onClickBackButton"}],"_N$normalColor":{"__type__":"cc.Color","r":255,"g":255,"b":255},"_N$disabledColor":{"__type__":"cc.Color","r":255,"g":255,"b":255},"_N$pressedSprite":{"__uuid__":"e97GVMl6JHh5Ml5qEDdSGa"},"pressedSprite":{"__uuid__":"e97GVMl6JHh5Ml5qEDdSGa"},"_N$hoverSprite":{"__uuid__":"e97GVMl6JHh5Ml5qEDdSGa"},"hoverSprite":{"__uuid__":"e97GVMl6JHh5Ml5qEDdSGa"},"_N$disabledSprite":{"__uuid__":"29FYIk+N1GYaeWH/q1NxQO"},"_N$target":{"__id__":9}}],"_prefab":{"__type__":"cc.PrefabInfo","root":{"__id__":1},"asset":{"__uuid__":"d81NLhQCdJiKpZQXFdKXMQ"},"fileId":"0dbwKCIgFOaqC6/oBPTkyl"},"_contentSize":{"__type__":"cc.Size","width":76,"height":68},"_position":{"__type__":"cc.Vec2","x":349,"y":325}},{"__type__":"cc.Node","_name":"1","_parent":{"__id__":1},"_components":[{"__type__":"cc.Sprite","node":{"__id__":10},"_spriteFrame":{"__uuid__":"52JQlRbuNCdqjT/w6Un3hN"},"_type":1,"_sizeMode":0},{"__type__":"cc.Button","node":{"__id__":10},"transition":3,"pressedColor":{"__type__":"cc.Color","r":255,"g":255,"b":255},"clickEvents":[{"__type__":"cc.ClickEvent","target":{"__id__":1},"component":"LobbyPageCtrl","handler":"onClickMatching"}],"_N$normalColor":{"__type__":"cc.Color","r":255,"g":255,"b":255},"_N$disabledColor":{"__type__":"cc.Color","r":255,"g":255,"b":255},"_N$normalSprite":{"__uuid__":"52JQlRbuNCdqjT/w6Un3hN"},"_N$pressedSprite":{"__uuid__":"e97GVMl6JHh5Ml5qEDdSGa"},"pressedSprite":{"__uuid__":"e97GVMl6JHh5Ml5qEDdSGa"},"_N$hoverSprite":{"__uuid__":"e97GVMl6JHh5Ml5qEDdSGa"},"hoverSprite":{"__uuid__":"e97GVMl6JHh5Ml5qEDdSGa"},"_N$disabledSprite":{"__uuid__":"29FYIk+N1GYaeWH/q1NxQO"},"_N$target":{"__id__":10}}],"_prefab":{"__type__":"cc.PrefabInfo","root":{"__id__":1},"asset":{"__uuid__":"d81NLhQCdJiKpZQXFdKXMQ"},"fileId":"60bobWJwxIzY+mMPCJuY0h"},"_contentSize":{"__type__":"cc.Size","width":250,"height":268},"_position":{"__type__":"cc.Vec2","x":-450}},{"__type__":"cc.Node","_name":"2","_parent":{"__id__":1},"_components":[{"__type__":"cc.Sprite","node":{"__id__":11},"_spriteFrame":{"__uuid__":"e55eb5XztDbpkSYiivZHW4"},"_type":1,"_sizeMode":0},{"__type__":"cc.Button","node":{"__id__":11},"pressedColor":{"__type__":"cc.Color","r":255,"g":255,"b":255},"_N$normalColor":{"__type__":"cc.Color","r":255,"g":255,"b":255},"_N$disabledColor":{"__type__":"cc.Color","r":255,"g":255,"b":255},"_N$normalSprite":{"__uuid__":"52JQlRbuNCdqjT/w6Un3hN"},"_N$pressedSprite":{"__uuid__":"e97GVMl6JHh5Ml5qEDdSGa"},"pressedSprite":{"__uuid__":"e97GVMl6JHh5Ml5qEDdSGa"},"_N$hoverSprite":{"__uuid__":"e97GVMl6JHh5Ml5qEDdSGa"},"hoverSprite":{"__uuid__":"e97GVMl6JHh5Ml5qEDdSGa"},"_N$disabledSprite":{"__uuid__":"29FYIk+N1GYaeWH/q1NxQO"},"_N$target":{"__id__":11}}],"_prefab":{"__type__":"cc.PrefabInfo","root":{"__id__":1},"asset":{"__uuid__":"d81NLhQCdJiKpZQXFdKXMQ"},"fileId":"18DVxii8BIPIH4/nnLCyT0"},"_contentSize":{"__type__":"cc.Size","width":250,"height":268},"_position":{"__type__":"cc.Vec2","x":-150}},{"__type__":"cc.Node","_name":"3","_parent":{"__id__":1},"_components":[{"__type__":"cc.Sprite","node":{"__id__":12},"_spriteFrame":{"__uuid__":"31yhcfMHtJK6SM6Jb8Si1T"},"_type":1,"_sizeMode":0},{"__type__":"cc.Button","node":{"__id__":12},"pressedColor":{"__type__":"cc.Color","r":255,"g":255,"b":255},"_N$normalColor":{"__type__":"cc.Color","r":255,"g":255,"b":255},"_N$disabledColor":{"__type__":"cc.Color","r":255,"g":255,"b":255},"_N$normalSprite":{"__uuid__":"52JQlRbuNCdqjT/w6Un3hN"},"_N$pressedSprite":{"__uuid__":"e97GVMl6JHh5Ml5qEDdSGa"},"pressedSprite":{"__uuid__":"e97GVMl6JHh5Ml5qEDdSGa"},"_N$hoverSprite":{"__uuid__":"e97GVMl6JHh5Ml5qEDdSGa"},"hoverSprite":{"__uuid__":"e97GVMl6JHh5Ml5qEDdSGa"},"_N$disabledSprite":{"__uuid__":"29FYIk+N1GYaeWH/q1NxQO"},"_N$target":{"__id__":12}}],"_prefab":{"__type__":"cc.PrefabInfo","root":{"__id__":1},"asset":{"__uuid__":"d81NLhQCdJiKpZQXFdKXMQ"},"fileId":"46JKIoH2dBo7bPcrMkO0B+"},"_contentSize":{"__type__":"cc.Size","width":250,"height":268},"_position":{"__type__":"cc.Vec2","x":150}},{"__type__":"cc.Node","_name":"4","_parent":{"__id__":1},"_components":[{"__type__":"cc.Sprite","node":{"__id__":13},"_spriteFrame":{"__uuid__":"a59uPSQ5NJI7OfGwZqU8Dk"},"_type":1,"_sizeMode":0},{"__type__":"cc.Button","node":{"__id__":13},"pressedColor":{"__type__":"cc.Color","r":255,"g":255,"b":255},"_N$normalColor":{"__type__":"cc.Color","r":255,"g":255,"b":255},"_N$disabledColor":{"__type__":"cc.Color","r":255,"g":255,"b":255},"_N$normalSprite":{"__uuid__":"52JQlRbuNCdqjT/w6Un3hN"},"_N$pressedSprite":{"__uuid__":"e97GVMl6JHh5Ml5qEDdSGa"},"pressedSprite":{"__uuid__":"e97GVMl6JHh5Ml5qEDdSGa"},"_N$hoverSprite":{"__uuid__":"e97GVMl6JHh5Ml5qEDdSGa"},"hoverSprite":{"__uuid__":"e97GVMl6JHh5Ml5qEDdSGa"},"_N$disabledSprite":{"__uuid__":"29FYIk+N1GYaeWH/q1NxQO"},"_N$target":{"__id__":13}}],"_prefab":{"__type__":"cc.PrefabInfo","root":{"__id__":1},"asset":{"__uuid__":"d81NLhQCdJiKpZQXFdKXMQ"},"fileId":"8dC/CZCftGmYTufE5rQ3MP"},"_contentSize":{"__type__":"cc.Size","width":250,"height":268},"_position":{"__type__":"cc.Vec2","x":450}}],[{"__type__":"cc.Prefab","_name":"tank_1","data":{"__id__":1},"asyncLoadAssets":null},{"__type__":"cc.Node","_name":"tank_1","_components":[{"__type__":"cc.Sprite","node":{"__id__":1},"_spriteFrame":{"__uuid__":"59F8bH4tFPBpQZ0/gB00vy"}},{"__type__":"33ad7W4Sq9CJ4BpgZFyxICj","node":{"__id__":1}},{"__type__":"cc.RigidBody","node":{"__id__":1},"enabledContactListener":true,"bullet":true},{"__type__":"cc.PhysicsBoxCollider","node":{"__id__":1},"_size":{"__type__":"cc.Size","width":63,"height":90}},{"__type__":"cc.PolygonCollider","node":{"__id__":1},"tag":5,"points":[{"__type__":"cc.Vec2","x":-3.5,"y":45},{"__type__":"cc.Vec2","x":-3.5,"y":24},{"__type__":"cc.Vec2","x":-14.5,"y":24},{"__type__":"cc.Vec2","x":-15.5,"y":28},{"__type__":"cc.Vec2","x":-18.5,"y":30},{"__type__":"cc.Vec2","x":-26.5,"y":30},{"__type__":"cc.Vec2","x":-30.5,"y":25},{"__type__":"cc.Vec2","x":-31.5,"y":-27},{"__type__":"cc.Vec2","x":-29.5,"y":-43},{"__type__":"cc.Vec2","x":-27.5,"y":-45},{"__type__":"cc.Vec2","x":-17.5,"y":-45},{"__type__":"cc.Vec2","x":-14.5,"y":-40},{"__type__":"cc.Vec2","x":14.5,"y":-40},{"__type__":"cc.Vec2","x":17.5,"y":-45},{"__type__":"cc.Vec2","x":27.5,"y":-45},{"__type__":"cc.Vec2","x":29.5,"y":-43},{"__type__":"cc.Vec2","x":29.5,"y":-28},{"__type__":"cc.Vec2","x":31.5,"y":-27},{"__type__":"cc.Vec2","x":31.5,"y":11},{"__type__":"cc.Vec2","x":29.5,"y":12},{"__type__":"cc.Vec2","x":29.5,"y":27},{"__type__":"cc.Vec2","x":26.5,"y":30},{"__type__":"cc.Vec2","x":18.5,"y":30},{"__type__":"cc.Vec2","x":15.5,"y":28},{"__type__":"cc.Vec2","x":14.5,"y":24},{"__type__":"cc.Vec2","x":3.5,"y":24},{"__type__":"cc.Vec2","x":3.5,"y":45}]}],"_prefab":{"__type__":"cc.PrefabInfo","root":{"__id__":1},"asset":{"__uuid__":"ddrDnyKhFD+bDxKVgRJY/u"},"fileId":"a5se1QzDtJEZA1rsvFS5kq"},"_contentSize":{"__type__":"cc.Size","width":63,"height":90},"_position":{"__type__":"cc.Vec2","x":-770,"y":462}}],{"__type__":"cc.SpriteFrame","content":{"name":"tank_2","texture":"46jYpxAE9AlbucD+Ph1RUM","rect":[0,0,63,90],"offset":[0,0],"originalSize":[63,90]}},{"__type__":"cc.SpriteFrame","content":{"name":"icon_2","texture":"5eYep68A5CEI250/TP3F57","rect":[0,0,250,268],"offset":[0,0],"originalSize":[250,268]}},[{"__type__":"cc.Prefab","_name":"wall_2_2","data":{"__id__":1},"asyncLoadAssets":null},{"__type__":"cc.Node","_name":"wall_2_2","_components":[{"__type__":"cc.Sprite","node":{"__id__":1},"_spriteFrame":{"__uuid__":"c3OOC59b1JtaBw82+JaMUz"}},{"__type__":"1a3ddLI5Y9ET54Wf+qMBtnj","node":{"__id__":1}},{"__type__":"cc.RigidBody","node":{"__id__":1},"_type":1,"_allowSleep":false,"bullet":true},{"__type__":"cc.PhysicsBoxCollider","node":{"__id__":1},"_restitution":0.4,"_offset":{"__type__":"cc.Vec2","x":10,"y":9},"_size":{"__type__":"cc.Size","width":174,"height":17}},{"__type__":"cc.BoxCollider","node":{"__id__":1},"_offset":{"__type__":"cc.Vec2","x":10.2,"y":17.1},"_size":{"__type__":"cc.Size","width":174.4,"height":0.8}},{"__type__":"cc.BoxCollider","node":{"__id__":1},"tag":1,"_offset":{"__type__":"cc.Vec2","x":97.1,"y":8.9},"_size":{"__type__":"cc.Size","width":1.4,"height":17.6}},{"__type__":"cc.BoxCollider","node":{"__id__":1},"tag":2,"_offset":{"__type__":"cc.Vec2","x":10.3,"y":0.3},"_size":{"__type__":"cc.Size","width":175.1,"height":1.3}},{"__type__":"cc.BoxCollider","node":{"__id__":1},"tag":3,"_offset":{"__type__":"cc.Vec2","x":-77,"y":8.9},"_size":{"__type__":"cc.Size","width":0.9,"height":17.9}}],"_prefab":{"__type__":"cc.PrefabInfo","root":{"__id__":1},"asset":{"__uuid__":"e6bzDgxAJLRLQz4e/XbcNq"},"fileId":"66LEHZPwpMe5lXa5wsHM/p"},"_contentSize":{"__type__":"cc.Size","width":194,"height":34},"_position":{"__type__":"cc.Vec2","x":-373.7,"y":677.6}}],{"__type__":"cc.SpriteFrame","content":{"name":"flower_2","texture":"32p1O+nnxKlrM/a7Lsm3+K","rect":[0,0,171,42],"offset":[0,0],"originalSize":[171,42]}},{"__type__":"cc.SpriteFrame","content":{"name":"round_4","texture":"212vufmVRBvYWYPVM9NG1p","rect":[0,0,187,187],"offset":[0,0],"originalSize":[187,187]}},{"__type__":"cc.SpriteFrame","content":{"name":"default_btn_pressed","texture":"b4P/PCArtIdIH38t6mlw8Y","rect":[0,0,40,40],"offset":[0,0],"originalSize":[40,40],"capInsets":[11,11,11,7]}},{"__type__":"cc.SpriteFrame","content":{"name":"corner_1","texture":"fdexy3oG5NJLhT3YiZZX6S","rect":[0,0,48,51],"offset":[0,0],"originalSize":[48,51]}},{"__type__":"cc.SpriteFrame","content":{"name":"wall_1_3","texture":"2c8/9InTBB05giszOPfylY","rect":[0,0,34,194],"offset":[0,0],"originalSize":[34,194]}},{"__type__":"cc.SpriteFrame","content":{"name":"default_btn_normal","texture":"e8Ueib+qJEhL6mXAHdnwbi","rect":[0,0,40,40],"offset":[0,0],"originalSize":[40,40],"capInsets":[8,11,7,9]}},{"__type__":"cc.SpriteFrame","content":{"name":"sound_3","texture":"93MhgAsEBIur8ZTlaK9+L9","rect":[5,4,53,32],"offset":[0,-0.5],"originalSize":[63,39]}},{"__type__":"cc.SpriteFrame","content":{"name":"button_3","texture":"caLP11cwdIH64/EAcnURkg","rect":[0,0,131,131],"offset":[0,0],"originalSize":[131,131]}}]